app_id,name
c44b4083-3bb0-49c1-b47d-974e53cbdf3c,Azure Portal
29d9ed98-a469-4536-ade2-f981bc1d605e,Microsoft Authentication Broker
04b07795-8ddb-461a-bbee-02f9e1bf7b46,Microsoft Azure CLI
d3590ed6-52b3-4102-aeff-aad2292ab01c,Microsoft Office
5d661950-3475-41cd-a2c3-d671a3162bc1,Microsoft Outlook
1fec8e78-bce4-4aaf-ab1b-5451cc387264,Microsoft Teams
5e3ce6c0-2b1f-4285-8d4b-75ee78787346,Microsoft Teams Web Client
2793995e-0a7d-40d7-bd35-6968ba142197,My Apps
00000002-0000-0ff1-ce00-000000000000,Office 365 Exchange Online
00000003-0000-0ff1-ce00-000000000000,Office 365 SharePoint Online
4765445b-32c6-49b0-83e6-1d93765276ca,OfficeHome
ab9b8c07-8f02-4f72-87fa-80105867a763,OneDrive SyncEngine
27922004-5251-4030-b22d-91ecd9a37ea4,Outlook Mobile
