name,share
Michael,0.011577
James,0.010218
John,0.009675
Robert,0.009493
David,0.008943
William,0.007484
Mary,0.006839
Christopher,0.005901
Joseph,0.005410
Richard,0.005346
Daniel,0.005138
Thomas,0.004922
Matthew,0.004497
Jennifer,0.004333
Charles,0.004280
Anthony,0.003840
Patricia,0.003784
Linda,0.003751
Mark,0.003559
Elizabeth,0.003530
Joshua,0.003510
Steven,0.003452
Andrew,0.003389
Kevin,0.003294
Brian,0.003244
Barbara,0.003207
Jessica,0.003178
Jason,0.002969
Susan,0.002941
Timothy,0.002880
Paul,0.002872
Kenneth,0.002766
Lisa,0.002749
Ryan,0.002744
Sarah,0.002686
Karen,0.002660
Jeffrey,0.002644
Donald,0.002617
Ashley,0.002572
Eric,0.002532
Jacob,0.002510
Nicholas,0.002504
Jonathan,0.002497
Ronald,0.002443
Michelle,0.002412
Kimberly,0.002392
Nancy,0.002351
Justin,0.002288
Sandra,0.002273
Amanda,0.002253
Brandon,0.002249
Stephanie,0.002230
Emily,0.002223
Melissa,0.002212
Gary,0.002178
Edward,0.002171
Stephen,0.002146
Scott,0.002102
George,0.002092
Donna,0.002089
Jose,0.002088
Rebecca,0.002016
Deborah,0.002008
Laura,0.001964
Cynthia,0.001962
Carol,0.001962
Amy,0.001929
Margaret,0.001893
Gregory,0.001881
Sharon,0.001880
Larry,0.001866
Angela,0.001855
Maria,0.001828
Alexander,0.001803
Benjamin,0.001798
Nicole,0.001769
Kathleen,0.001754
Patrick,0.001739
Samantha,0.001720
Tyler,0.001712
Samuel,0.001686
Betty,0.001655
Brenda,0.001642
Pamela,0.001621
Aaron,0.001615
Kelly,0.001568
Heather,0.001532
Rachel,0.001531
Adam,0.001522
Christine,0.001519
Zachary,0.001515
Debra,0.001510
Katherine,0.001481
Dennis,0.001465
Nathan,0.001456
Christina,0.001435
Julie,0.001418
Jordan,0.001416
Kyle,0.001413
Anna,0.001400
