name,count
Smith,2376206
Johnson,1857160
Williams,1534042
Brown,1380145
Jones,1362755
Miller,1127803
Davis,1072335
Garcia,858289
Rodriguez,804240
Wilson,783051
Martinez,775072
Anderson,762394
Taylor,720370
Thomas,710696
Hernandez,706372
Moore,698671
Martin,672711
Jackson,666125
Thompson,644368
White,639515
Lopez,621536
Lee,605860
Gonzalez,597718
Harris,593542
Clark,548369
Lewis,509930
Robinson,503028
Walker,501307
Perez,488521
Hall,473568
Young,465948
Allen,463368
Sanchez,441242
Wright,440367
King,438986
Scott,420091
Green,413477
Baker,413351
Adams,413086
Nelson,412236
Hill,411770
Ramirez,388987
Campbell,371953
Mitchell,367433
Roberts,366215
Carter,362548
Phillips,351848
Evans,342237
Turner,335663
Torres,325169
Parker,324246
Collins,317848
Edwards,317070
Stewart,312899
Flores,312615
Morris,311754
Nguyen,310125
Murphy,300501
Rivera,299463
Cook,294795
Rogers,294403
Morgan,276400
Peterson,275041
Cooper,270097
Reed,267443
Bailey,265916
Bell,264752
Gomez,263590
Kelly,260385
Howard,254779
Ward,254121
Cox,253771
Diaz,251772
Richardson,249533
Wood,247299
Watson,242432
Brooks,240751
Bennett,239055
Gray,236713
James,233224
Reyes,232511
Cruz,231065
Hughes,229390
Price,228756
Myers,224824
Long,223494
Foster,221040
Sanders,220902
Ross,219961
Morales,217642
Powell,216553
Sullivan,215640
Russell,215432
Ortiz,214683
Jenkins,213737
Gutierrez,212905
Perry,212644
Butler,210879
Barnes,210426
Fisher,210279
Henderson,210094
Coleman,208624
Simmons,201650
Patterson,198557
Jordan,197212
Reynolds,195598
Hamilton,194331
Graham,194074
Kim,194067
Gonzales,193934
Alexander,193443
Ramos,193096
Wallace,190760
Griffin,190636
West,188464
Cole,187793
Hayes,187473
Chavez,185865
Gibson,184420
Bryant,183761
Ellis,181934
Stevens,181417
Murray,178414
Ford,178397
Marshall,177213
Owens,176334
Mcdonald,176094
Harrison,175577
Ruiz,175429
Kennedy,171636
Wells,170635
Alvarez,168817
Woods,168814
Mendoza,168567
Castillo,165473
Olson,163502
Webb,163481
Washington,163036
Tucker,162933
Freeman,162686
Burns,162153
Henry,161392
Vasquez,159989
Snyder,159363
Simpson,158241
Crawford,158121
Jimenez,157475
Porter,156848
Mason,155484
Shaw,155172
Gordon,154934
Wagner,154516
Hunter,154410
Romero,153772
Hicks,153618
Dixon,152015
Hunt,151986
Palmer,150407
Robertson,150299
Black,150186
Holmes,150166
Stone,149802
Meyer,149664
Boyd,149476
Mills,147909
Warren,147906
Fox,147357
Rose,146924
Rice,146440
Moreno,146088
Schmidt,145565
Patel,145066
Ferguson,142256
Nichols,141936
Herrera,140786
Medina,139353
Ryan,139335
Fernandez,139302
Weaver,138811
Daniels,138776
Stephens,138742
Gardner,138660
Payne,138028
Kelley,137555
Dunn,136955
Pierce,136517
Arnold,136315
Tran,136095
Spencer,134443
Peters,134231
Hawkins,134066
Grant,134034
Hansen,133474
Castro,133254
Hoffman,132645
Hart,132466
Elliott,132457
Cunningham,131896
Knight,131860
Bradley,131289
Carroll,131020
Hudson,130793
Duncan,130419
Armstrong,129982
Berry,129405
Andrews,129320
Johnston,128935
Ray,128794
Lane,128727
Riley,127960
Carpenter,127073
Perkins,126951
Aguilar,126399
Silva,126164
Richards,125653
Willis,125627
Matthews,124839
Chapman,124614
Lawrence,124321
Garza,124130
Vargas,123952
Watkins,122447
Wheeler,121684
Larson,121064
Carlson,120124
Harper,119868
George,119778
Greene,119604
Burke,119175
Guzman,118390
Morrison,117939
Munoz,117774
Jacobs,115540
Obrien,115385
Lawson,115186
Franklin,114859
Lynch,114448
Bishop,114034
Carr,113892
Salazar,113468
Austin,113160
Mendez,112736
Gilbert,112406
Jensen,112332
Williamson,112216
Montgomery,112144
Harvey,112136
Oliver,111641
Howell,109634
Dean,109230
Hanson,109079
Weber,107866
Garrett,107777
Sims,107244
Burton,107158
Fuller,106682
Soto,106631
Mccoy,106481
Welch,105804
Chen,105544
Schultz,104962
Walters,104281
Reid,104007
Fields,103242
Walsh,103216
Little,102718
Fowler,102620
Bowman,102239
Davidson,102044
May,101726
Day,101676
Schneider,100553
Newman,100491
Brewer,100465
Lucas,100417
Holland,99885
Wong,99392
Banks,99294
Santos,98993
Curtis,98958
Pearson,98728
Delgado,98675
Valdez,98610
Pena,98345
Rios,96569
Douglas,96425
Sandoval,96303
Barrett,95896
Hopkins,94603
Keller,94300
Guerrero,94152
Stanley,93817
Bates,93743
Alvarado,93723
Beck,93161
Ortega,93131
Wade,92834
Estrada,92831
Contreras,92660
Barnett,92287
